[
  {
    "id": 1,
    "name": "Urban Edge Hoodie",
    "category": "Men's Casualwear",
    "price": 4500,
    "image": "https://images.unsplash.com/photo-1556821840-3a63f95609a7?auto=format&fit=crop&w=400&q=80",
    "description": "Experience the epitome of style with the Urban Edge Hoodie. Crafted from premium materials, this item from our Men's Casualwear collection is designed to provide both comfort and sophistication. Perfect for any occasion, it embodies the Velvet Vogue commitment to quality and modern fashion trends. Available in multiple sizes to ensure the perfect fit.",
    "sizes": [
      "S",
      "M",
      "L",
      "XL"
    ],
    "colors": [
      "Black",
      "White",
      "Navy",
      "Gold"
    ],
    "stock": 55
  },
  {
    "id": 2,
    "name": "Classic Denim Jeans",
    "category": "Men's Casualwear",
    "price": 6000,
    "image": "https://images.unsplash.com/photo-1542272617-08f08630329e?auto=format&fit=crop&w=400&q=80",
    "description": "Experience the epitome of style with the Classic Denim Jeans. Crafted from premium materials, this item from our Men's Casualwear collection is designed to provide both comfort and sophistication. Perfect for any occasion, it embodies the Velvet Vogue commitment to quality and modern fashion trends. Available in multiple sizes to ensure the perfect fit.",
    "sizes": [
      "S",
      "M",
      "L",
      "XL"
    ],
    "colors": [
      "Black",
      "White",
      "Navy",
      "Gold"
    ],
    "stock": 36
  },
  {
    "id": 3,
    "name": "Streetwear Graphic Tee",
    "category": "Men's Casualwear",
    "price": 2500,
    "image": "https://images.unsplash.com/photo-1521572163474-6864f9cf17ab?auto=format&fit=crop&w=400&q=80",
    "description": "Experience the epitome of style with the Streetwear Graphic Tee. Crafted from premium materials, this item from our Men's Casualwear collection is designed to provide both comfort and sophistication. Perfect for any occasion, it embodies the Velvet Vogue commitment to quality and modern fashion trends. Available in multiple sizes to ensure the perfect fit.",
    "sizes": [
      "S",
      "M",
      "L",
      "XL"
    ],
    "colors": [
      "Black",
      "White",
      "Navy",
      "Gold"
    ],
    "stock": 39
  },
  {
    "id": 4,
    "name": "Canvas Low-Top Sneakers",
    "category": "Men's Casualwear",
    "price": 5500,
    "image": "https://images.unsplash.com/photo-1491553895911-0055eca6402d?auto=format&fit=crop&w=400&q=80",
    "description": "Experience the epitome of style with the Canvas Low-Top Sneakers. Crafted from premium materials, this item from our Men's Casualwear collection is designed to provide both comfort and sophistication. Perfect for any occasion, it embodies the Velvet Vogue commitment to quality and modern fashion trends. Available in multiple sizes to ensure the perfect fit.",
    "sizes": [
      "S",
      "M",
      "L",
      "XL"
    ],
    "colors": [
      "Black",
      "White",
      "Navy",
      "Gold"
    ],
    "stock": 32
  },
  {
    "id": 5,
    "name": "Relaxed Fit Cargo Pants",
    "category": "Men's Casualwear",
    "price": 5000,
    "image": "https://images.unsplash.com/photo-1517445312882-766d3ce22de9?auto=format&fit=crop&w=400&q=80",
    "description": "Experience the epitome of style with the Relaxed Fit Cargo Pants. Crafted from premium materials, this item from our Men's Casualwear collection is designed to provide both comfort and sophistication. Perfect for any occasion, it embodies the Velvet Vogue commitment to quality and modern fashion trends. Available in multiple sizes to ensure the perfect fit.",
    "sizes": [
      "S",
      "M",
      "L",
      "XL"
    ],
    "colors": [
      "Black",
      "White",
      "Navy",
      "Gold"
    ],
    "stock": 25
  },
  {
    "id": 6,
    "name": "Midnight Blue Suit",
    "category": "Men's Formal Wear",
    "price": 25000,
    "image": "https://images.unsplash.com/photo-1594938298603-c8148c4729d7?auto=format&fit=crop&w=400&q=80",
    "description": "Experience the epitome of style with the Midnight Blue Suit. Crafted from premium materials, this item from our Men's Formal Wear collection is designed to provide both comfort and sophistication. Perfect for any occasion, it embodies the Velvet Vogue commitment to quality and modern fashion trends. Available in multiple sizes to ensure the perfect fit.",
    "sizes": [
      "S",
      "M",
      "L",
      "XL"
    ],
    "colors": [
      "Black",
      "White",
      "Navy",
      "Gold"
    ],
    "stock": 16
  },
  {
    "id": 7,
    "name": "Crisp White Dress Shirt",
    "category": "Men's Formal Wear",
    "price": 4000,
    "image": "https://images.unsplash.com/photo-1620799140408-ed5341cd2431?auto=format&fit=crop&w=400&q=80",
    "description": "Experience the epitome of style with the Crisp White Dress Shirt. Crafted from premium materials, this item from our Men's Formal Wear collection is designed to provide both comfort and sophistication. Perfect for any occasion, it embodies the Velvet Vogue commitment to quality and modern fashion trends. Available in multiple sizes to ensure the perfect fit.",
    "sizes": [
      "S",
      "M",
      "L",
      "XL"
    ],
    "colors": [
      "Black",
      "White",
      "Navy",
      "Gold"
    ],
    "stock": 48
  },
  {
    "id": 8,
    "name": "Silk Tie - Burgundy",
    "category": "Men's Formal Wear",
    "price": 3000,
    "image": "https://images.unsplash.com/photo-1589756823695-278bc923f962?auto=format&fit=crop&w=400&q=80",
    "description": "Experience the epitome of style with the Silk Tie - Burgundy. Crafted from premium materials, this item from our Men's Formal Wear collection is designed to provide both comfort and sophistication. Perfect for any occasion, it embodies the Velvet Vogue commitment to quality and modern fashion trends. Available in multiple sizes to ensure the perfect fit.",
    "sizes": [
      "S",
      "M",
      "L",
      "XL"
    ],
    "colors": [
      "Black",
      "White",
      "Navy",
      "Gold"
    ],
    "stock": 47
  },
  {
    "id": 9,
    "name": "Leather Oxford Shoes",
    "category": "Men's Formal Wear",
    "price": 12000,
    "image": "https://images.unsplash.com/photo-1614252235316-8c857d38b5f4?auto=format&fit=crop&w=400&q=80",
    "description": "Experience the epitome of style with the Leather Oxford Shoes. Crafted from premium materials, this item from our Men's Formal Wear collection is designed to provide both comfort and sophistication. Perfect for any occasion, it embodies the Velvet Vogue commitment to quality and modern fashion trends. Available in multiple sizes to ensure the perfect fit.",
    "sizes": [
      "S",
      "M",
      "L",
      "XL"
    ],
    "colors": [
      "Black",
      "White",
      "Navy",
      "Gold"
    ],
    "stock": 27
  },
  {
    "id": 10,
    "name": "Charcoal Grey Blazer",
    "category": "Men's Formal Wear",
    "price": 15000,
    "image": "https://images.unsplash.com/photo-1507679799987-c73779587ccf?auto=format&fit=crop&w=400&q=80",
    "description": "Experience the epitome of style with the Charcoal Grey Blazer. Crafted from premium materials, this item from our Men's Formal Wear collection is designed to provide both comfort and sophistication. Perfect for any occasion, it embodies the Velvet Vogue commitment to quality and modern fashion trends. Available in multiple sizes to ensure the perfect fit.",
    "sizes": [
      "S",
      "M",
      "L",
      "XL"
    ],
    "colors": [
      "Black",
      "White",
      "Navy",
      "Gold"
    ],
    "stock": 48
  },
  {
    "id": 11,
    "name": "Boho Chic Maxi Dress",
    "category": "Women's Casualwear",
    "price": 7500,
    "image": "https://images.unsplash.com/photo-1572804013309-59a88b7e92f1?auto=format&fit=crop&w=400&q=80",
    "description": "Experience the epitome of style with the Boho Chic Maxi Dress. Crafted from premium materials, this item from our Women's Casualwear collection is designed to provide both comfort and sophistication. Perfect for any occasion, it embodies the Velvet Vogue commitment to quality and modern fashion trends. Available in multiple sizes to ensure the perfect fit.",
    "sizes": [
      "S",
      "M",
      "L",
      "XL"
    ],
    "colors": [
      "Black",
      "White",
      "Navy",
      "Gold"
    ],
    "stock": 47
  },
  {
    "id": 12,
    "name": "High-Waist Skinny Jeans",
    "category": "Women's Casualwear",
    "price": 5500,
    "image": "https://images.unsplash.com/photo-1541099649105-f69ad21f3246?auto=format&fit=crop&w=400&q=80",
    "description": "Experience the epitome of style with the High-Waist Skinny Jeans. Crafted from premium materials, this item from our Women's Casualwear collection is designed to provide both comfort and sophistication. Perfect for any occasion, it embodies the Velvet Vogue commitment to quality and modern fashion trends. Available in multiple sizes to ensure the perfect fit.",
    "sizes": [
      "S",
      "M",
      "L",
      "XL"
    ],
    "colors": [
      "Black",
      "White",
      "Navy",
      "Gold"
    ],
    "stock": 30
  },
  {
    "id": 13,
    "name": "Cozy Knit Sweater",
    "category": "Women's Casualwear",
    "price": 4500,
    "image": "https://images.unsplash.com/photo-1576566588028-4147f3842f27?auto=format&fit=crop&w=400&q=80",
    "description": "Experience the epitome of style with the Cozy Knit Sweater. Crafted from premium materials, this item from our Women's Casualwear collection is designed to provide both comfort and sophistication. Perfect for any occasion, it embodies the Velvet Vogue commitment to quality and modern fashion trends. Available in multiple sizes to ensure the perfect fit.",
    "sizes": [
      "S",
      "M",
      "L",
      "XL"
    ],
    "colors": [
      "Black",
      "White",
      "Navy",
      "Gold"
    ],
    "stock": 29
  },
  {
    "id": 14,
    "name": "Summer Breeze Top",
    "category": "Women's Casualwear",
    "price": 3000,
    "image": "https://images.unsplash.com/photo-1503342394128-c104d54dba01?auto=format&fit=crop&w=400&q=80",
    "description": "Experience the epitome of style with the Summer Breeze Top. Crafted from premium materials, this item from our Women's Casualwear collection is designed to provide both comfort and sophistication. Perfect for any occasion, it embodies the Velvet Vogue commitment to quality and modern fashion trends. Available in multiple sizes to ensure the perfect fit.",
    "sizes": [
      "S",
      "M",
      "L",
      "XL"
    ],
    "colors": [
      "Black",
      "White",
      "Navy",
      "Gold"
    ],
    "stock": 12
  },
  {
    "id": 15,
    "name": "Leather Strappy Sandals",
    "category": "Women's Casualwear",
    "price": 4000,
    "image": "https://images.unsplash.com/photo-1543163521-1bf539c55dd2?auto=format&fit=crop&w=400&q=80",
    "description": "Experience the epitome of style with the Leather Strappy Sandals. Crafted from premium materials, this item from our Women's Casualwear collection is designed to provide both comfort and sophistication. Perfect for any occasion, it embodies the Velvet Vogue commitment to quality and modern fashion trends. Available in multiple sizes to ensure the perfect fit.",
    "sizes": [
      "S",
      "M",
      "L",
      "XL"
    ],
    "colors": [
      "Black",
      "White",
      "Navy",
      "Gold"
    ],
    "stock": 12
  },
  {
    "id": 16,
    "name": "Elegant Evening Gown",
    "category": "Women's Formal Wear",
    "price": 30000,
    "image": "https://images.unsplash.com/photo-1566174053879-31528523f8ae?auto=format&fit=crop&w=400&q=80",
    "description": "Experience the epitome of style with the Elegant Evening Gown. Crafted from premium materials, this item from our Women's Formal Wear collection is designed to provide both comfort and sophistication. Perfect for any occasion, it embodies the Velvet Vogue commitment to quality and modern fashion trends. Available in multiple sizes to ensure the perfect fit.",
    "sizes": [
      "S",
      "M",
      "L",
      "XL"
    ],
    "colors": [
      "Black",
      "White",
      "Navy",
      "Gold"
    ],
    "stock": 50
  },
  {
    "id": 17,
    "name": "Tailored Pencil Skirt",
    "category": "Women's Formal Wear",
    "price": 5000,
    "image": "https://images.unsplash.com/photo-1583496661160-fb5886a0aaaa?auto=format&fit=crop&w=400&q=80",
    "description": "Experience the epitome of style with the Tailored Pencil Skirt. Crafted from premium materials, this item from our Women's Formal Wear collection is designed to provide both comfort and sophistication. Perfect for any occasion, it embodies the Velvet Vogue commitment to quality and modern fashion trends. Available in multiple sizes to ensure the perfect fit.",
    "sizes": [
      "S",
      "M",
      "L",
      "XL"
    ],
    "colors": [
      "Black",
      "White",
      "Navy",
      "Gold"
    ],
    "stock": 15
  },
  {
    "id": 18,
    "name": "Satin Blouse",
    "category": "Women's Formal Wear",
    "price": 4500,
    "image": "https://images.unsplash.com/photo-1604176354204-9268737828e4?auto=format&fit=crop&w=400&q=80",
    "description": "Experience the epitome of style with the Satin Blouse. Crafted from premium materials, this item from our Women's Formal Wear collection is designed to provide both comfort and sophistication. Perfect for any occasion, it embodies the Velvet Vogue commitment to quality and modern fashion trends. Available in multiple sizes to ensure the perfect fit.",
    "sizes": [
      "S",
      "M",
      "L",
      "XL"
    ],
    "colors": [
      "Black",
      "White",
      "Navy",
      "Gold"
    ],
    "stock": 36
  },
  {
    "id": 19,
    "name": "Classic Stiletto Heels",
    "category": "Women's Formal Wear",
    "price": 9000,
    "image": "https://images.unsplash.com/photo-1543163521-1bf539c55dd2?auto=format&fit=crop&w=400&q=80",
    "description": "Experience the epitome of style with the Classic Stiletto Heels. Crafted from premium materials, this item from our Women's Formal Wear collection is designed to provide both comfort and sophistication. Perfect for any occasion, it embodies the Velvet Vogue commitment to quality and modern fashion trends. Available in multiple sizes to ensure the perfect fit.",
    "sizes": [
      "S",
      "M",
      "L",
      "XL"
    ],
    "colors": [
      "Black",
      "White",
      "Navy",
      "Gold"
    ],
    "stock": 17
  },
  {
    "id": 20,
    "name": "Velvet Blazer",
    "category": "Women's Formal Wear",
    "price": 11000,
    "image": "https://images.unsplash.com/photo-1591047139829-d91aecb6caea?auto=format&fit=crop&w=400&q=80",
    "description": "Experience the epitome of style with the Velvet Blazer. Crafted from premium materials, this item from our Women's Formal Wear collection is designed to provide both comfort and sophistication. Perfect for any occasion, it embodies the Velvet Vogue commitment to quality and modern fashion trends. Available in multiple sizes to ensure the perfect fit.",
    "sizes": [
      "S",
      "M",
      "L",
      "XL"
    ],
    "colors": [
      "Black",
      "White",
      "Navy",
      "Gold"
    ],
    "stock": 21
  },
  {
    "id": 21,
    "name": "Genuine Leather Belt",
    "category": "Accessories",
    "price": 3500,
    "image": "https://images.unsplash.com/photo-1624222247344-550fb60583dc?auto=format&fit=crop&w=400&q=80",
    "description": "Experience the epitome of style with the Genuine Leather Belt. Crafted from premium materials, this item from our Accessories collection is designed to provide both comfort and sophistication. Perfect for any occasion, it embodies the Velvet Vogue commitment to quality and modern fashion trends. Available in multiple sizes to ensure the perfect fit.",
    "sizes": [
      "S",
      "M",
      "L",
      "XL"
    ],
    "colors": [
      "Black",
      "White",
      "Navy",
      "Gold"
    ],
    "stock": 28
  },
  {
    "id": 22,
    "name": "Minimalist Wristwatch",
    "category": "Accessories",
    "price": 12000,
    "image": "https://images.unsplash.com/photo-1524592094714-0f0654e20314?auto=format&fit=crop&w=400&q=80",
    "description": "Experience the epitome of style with the Minimalist Wristwatch. Crafted from premium materials, this item from our Accessories collection is designed to provide both comfort and sophistication. Perfect for any occasion, it embodies the Velvet Vogue commitment to quality and modern fashion trends. Available in multiple sizes to ensure the perfect fit.",
    "sizes": [
      "S",
      "M",
      "L",
      "XL"
    ],
    "colors": [
      "Black",
      "White",
      "Navy",
      "Gold"
    ],
    "stock": 25
  },
  {
    "id": 23,
    "name": "Aviator Sunglasses",
    "category": "Accessories",
    "price": 8000,
    "image": "https://images.unsplash.com/photo-1572635196237-14b3f281503f?auto=format&fit=crop&w=400&q=80",
    "description": "Experience the epitome of style with the Aviator Sunglasses. Crafted from premium materials, this item from our Accessories collection is designed to provide both comfort and sophistication. Perfect for any occasion, it embodies the Velvet Vogue commitment to quality and modern fashion trends. Available in multiple sizes to ensure the perfect fit.",
    "sizes": [
      "S",
      "M",
      "L",
      "XL"
    ],
    "colors": [
      "Black",
      "White",
      "Navy",
      "Gold"
    ],
    "stock": 12
  },
  {
    "id": 24,
    "name": "Leather Crossbody Bag",
    "category": "Accessories",
    "price": 9500,
    "image": "https://images.unsplash.com/photo-1548036328-c9fa89d128fa?auto=format&fit=crop&w=400&q=80",
    "description": "Experience the epitome of style with the Leather Crossbody Bag. Crafted from premium materials, this item from our Accessories collection is designed to provide both comfort and sophistication. Perfect for any occasion, it embodies the Velvet Vogue commitment to quality and modern fashion trends. Available in multiple sizes to ensure the perfect fit.",
    "sizes": [
      "S",
      "M",
      "L",
      "XL"
    ],
    "colors": [
      "Black",
      "White",
      "Navy",
      "Gold"
    ],
    "stock": 27
  },
  {
    "id": 25,
    "name": "Silk Scarf",
    "category": "Accessories",
    "price": 2500,
    "image": "https://images.unsplash.com/photo-1584030373081-f37b7bb4fa8e?auto=format&fit=crop&w=400&q=80",
    "description": "Experience the epitome of style with the Silk Scarf. Crafted from premium materials, this item from our Accessories collection is designed to provide both comfort and sophistication. Perfect for any occasion, it embodies the Velvet Vogue commitment to quality and modern fashion trends. Available in multiple sizes to ensure the perfect fit.",
    "sizes": [
      "S",
      "M",
      "L",
      "XL"
    ],
    "colors": [
      "Black",
      "White",
      "Navy",
      "Gold"
    ],
    "stock": 53
  }
]